account_id,account_name,industry,country,signup_date,referral_source,plan_tier,seats,is_trial,churn_flag,customer_age_days,singup_month,singup_quarter,capital,region,population,currency,flag
A-2e4581,Company_0,Edtech,Us,2024-10-16,Partner,Basic,9,False,False,645,October,4,,,,,
A-43a9e3,Company_1,Fintech,In,2023-08-17,Other,Basic,18,False,True,1071,August,3,,,,,
A-0a282f,Company_2,Devtools,Us,2024-08-27,Organic,Basic,1,False,False,695,August,3,,,,,
A-1f0ac7,Company_3,Healthtech,Uk,2023-08-27,Other,Basic,24,True,False,1061,August,3,,,,,
A-ce550d,Company_4,Healthtech,Us,2024-10-27,Event,Enterprise,35,False,True,634,October,4,,,,,
A-1b9609,Company_5,Edtech,In,2023-10-12,Ads,Enterprise,4,False,False,1015,October,4,,,,,
A-a0ca4e,Company_6,Cybersecurity,Us,2024-03-08,Ads,Pro,11,False,False,867,March,1,,,,,
A-e5d6ab,Company_7,Edtech,Us,2023-04-15,Partner,Pro,3,False,False,1195,April,2,,,,,
A-7dacce,Company_8,Cybersecurity,Ca,2024-09-10,Event,Enterprise,12,False,True,681,September,3,,,,,
A-10b8da,Company_9,Devtools,Us,2023-05-08,Partner,Enterprise,14,False,True,1172,May,2,,,,,
A-592832,Company_10,Cybersecurity,Us,2024-09-25,Organic,Basic,18,False,True,666,September,3,,,,,
A-d40bf7,Company_11,Fintech,In,2024-11-08,Organic,Basic,59,False,False,622,November,4,,,,,
A-6c093d,Company_12,Devtools,Us,2023-04-14,Partner,Basic,7,True,False,1196,April,2,,,,,
A-462d45,Company_13,Cybersecurity,Us,2024-01-15,Partner,Enterprise,11,True,False,920,January,1,,,,,
A-956988,Company_14,Edtech,Uk,2024-11-30,Ads,Enterprise,1,False,False,600,November,4,,,,,
A-ac14bb,Company_15,Fintech,Us,2023-09-08,Partner,Enterprise,21,False,False,1049,September,3,,,,,
A-463db0,Company_16,Healthtech,Us,2024-12-05,Partner,Basic,15,False,False,595,December,4,,,,,
A-ce66f8,Company_17,Edtech,Ca,2023-08-23,Event,Pro,29,False,False,1065,August,3,,,,,
A-c4ea60,Company_18,Fintech,De,2023-03-09,Other,Enterprise,18,False,True,1232,March,1,,,,,
A-832ec2,Company_19,Fintech,Uk,2023-11-19,Event,Enterprise,4,True,False,977,November,4,,,,,
A-684255,Company_20,Fintech,Us,2024-04-14,Ads,Enterprise,9,False,False,830,April,2,,,,,
A-c42f1f,Company_21,Healthtech,Us,2024-07-28,Other,Pro,8,False,False,725,July,3,,,,,
A-4e44e8,Company_22,Devtools,Us,2024-08-20,Ads,Enterprise,3,False,True,702,August,3,,,,,
A-30b4ca,Company_23,Edtech,In,2024-05-20,Organic,Basic,86,False,True,794,May,2,,,,,
A-9f2731,Company_24,Fintech,In,2024-10-04,Event,Enterprise,1,False,False,657,October,4,,,,,
A-32fb14,Company_25,Devtools,Us,2023-03-07,Event,Enterprise,26,False,True,1234,March,1,,,,,
A-00cac8,Company_26,Healthtech,Au,2023-09-15,Organic,Enterprise,8,True,False,1042,September,3,,,,,
A-35083d,Company_27,Healthtech,In,2023-04-28,Partner,Basic,19,False,True,1182,April,2,,,,,
A-eb7fac,Company_28,Devtools,Us,2023-10-28,Organic,Enterprise,7,False,False,999,October,4,,,,,
A-b20d99,Company_29,Healthtech,In,2023-09-27,Other,Basic,20,False,False,1030,September,3,,,,,
A-396e5f,Company_30,Cybersecurity,Ca,2024-10-02,Other,Enterprise,2,False,False,659,October,4,,,,,
A-45ce7a,Company_31,Fintech,Us,2023-07-23,Ads,Enterprise,16,False,False,1096,July,3,,,,,
A-08e34e,Company_32,Edtech,Us,2024-06-27,Event,Basic,14,False,True,756,June,2,,,,,
A-8145a0,Company_33,Cybersecurity,Au,2023-04-25,Partner,Basic,2,True,False,1185,April,2,,,,,
A-bad8c1,Company_34,Fintech,Au,2023-03-01,Organic,Basic,7,False,False,1240,March,1,,,,,
A-44dc83,Company_35,Edtech,Fr,2024-05-12,Other,Basic,5,False,False,802,May,2,,,,,
A-f446b6,Company_36,Devtools,De,2023-05-12,Ads,Pro,5,True,False,1168,May,2,,,,,
A-a45270,Company_37,Healthtech,Us,2024-06-24,Ads,Enterprise,3,False,False,759,June,2,,,,,
A-854864,Company_38,Fintech,In,2024-12-07,Event,Enterprise,20,False,False,593,December,4,,,,,
A-1b7577,Company_39,Cybersecurity,Us,2024-10-27,Other,Pro,4,False,False,634,October,4,,,,,
A-05f0e5,Company_40,Fintech,Us,2023-05-04,Partner,Basic,32,False,False,1176,May,2,,,,,
A-9077b0,Company_41,Healthtech,Us,2024-08-25,Ads,Basic,2,False,False,697,August,3,,,,,
A-7f8241,Company_42,Edtech,Us,2023-03-14,Organic,Pro,34,False,True,1227,March,1,,,,,
A-2bc93d,Company_43,Healthtech,Us,2023-03-14,Event,Basic,14,False,False,1227,March,1,,,,,
A-f3ff05,Company_44,Fintech,In,2024-07-06,Other,Enterprise,2,False,False,747,July,3,,,,,
A-2d4502,Company_45,Fintech,In,2024-04-29,Event,Basic,7,False,False,815,April,2,,,,,
A-6a4e2d,Company_46,Edtech,Uk,2023-04-07,Partner,Pro,9,False,False,1203,April,2,,,,,
A-eb7c38,Company_47,Devtools,Au,2024-02-25,Organic,Enterprise,5,False,False,879,February,1,,,,,
A-c37601,Company_48,Edtech,Us,2024-10-31,Partner,Basic,6,True,False,630,October,4,,,,,
A-3b5cd1,Company_49,Fintech,Us,2023-09-12,Event,Basic,13,True,False,1045,September,3,,,,,
A-b2225d,Company_50,Fintech,Us,2024-03-08,Ads,Basic,47,False,True,867,March,1,,,,,
A-94f8c9,Company_51,Healthtech,Us,2024-03-29,Other,Basic,13,False,False,846,March,1,,,,,
A-02fac6,Company_52,Fintech,Us,2023-04-06,Event,Pro,22,False,False,1204,April,2,,,,,
A-c1dfe1,Company_53,Devtools,De,2023-08-07,Ads,Pro,26,False,False,1081,August,3,,,,,
A-32728c,Company_54,Devtools,Us,2023-01-03,Event,Pro,20,False,True,1297,January,1,,,,,
A-4c38bc,Company_55,Healthtech,Uk,2024-03-09,Event,Basic,36,False,True,866,March,1,,,,,
A-1b707d,Company_56,Cybersecurity,Us,2023-07-14,Organic,Enterprise,1,False,False,1105,July,3,,,,,
A-6f8ad2,Company_57,Edtech,In,2024-07-09,Organic,Basic,1,False,False,744,July,3,,,,,
A-4d1e75,Company_58,Devtools,Us,2024-08-21,Other,Basic,20,False,False,701,August,3,,,,,
A-9ee962,Company_59,Healthtech,Us,2023-02-28,Ads,Basic,9,False,True,1241,February,1,,,,,
A-378b99,Company_60,Edtech,Uk,2024-09-01,Ads,Pro,8,True,False,690,September,3,,,,,
A-94d3da,Company_61,Healthtech,Us,2023-05-03,Other,Basic,41,False,False,1177,May,2,,,,,
A-e351e1,Company_62,Edtech,Us,2024-09-26,Other,Enterprise,33,False,False,665,September,3,,,,,
A-9badbd,Company_63,Cybersecurity,De,2024-06-19,Ads,Enterprise,5,True,False,764,June,2,,,,,
A-7e0a10,Company_64,Fintech,Us,2023-11-18,Ads,Enterprise,46,False,False,978,November,4,,,,,
A-118d55,Company_65,Cybersecurity,Us,2024-10-22,Organic,Basic,8,False,False,639,October,4,,,,,
A-526d93,Company_66,Healthtech,Fr,2024-04-14,Organic,Basic,43,False,False,830,April,2,,,,,
A-f92792,Company_67,Fintech,Us,2024-07-04,Ads,Pro,1,False,False,749,July,3,,,,,
A-84ebe4,Company_68,Fintech,Us,2023-03-12,Ads,Pro,18,True,True,1229,March,1,,,,,
A-5b4ebb,Company_69,Cybersecurity,Uk,2024-07-10,Other,Basic,21,True,True,743,July,3,,,,,
A-2922b6,Company_70,Healthtech,Us,2024-11-14,Organic,Basic,15,False,False,616,November,4,,,,,
A-9b9fe9,Company_71,Edtech,Au,2023-09-28,Other,Basic,5,False,False,1029,September,3,,,,,
A-a8b49c,Company_72,Cybersecurity,Uk,2023-10-06,Partner,Basic,7,False,False,1021,October,4,,,,,
A-9174e0,Company_73,Cybersecurity,Us,2024-12-04,Partner,Basic,37,False,False,596,December,4,,,,,
A-a1bbb6,Company_74,Devtools,Ca,2023-04-05,Organic,Basic,1,False,False,1205,April,2,,,,,
A-c45b23,Company_75,Fintech,Uk,2023-12-08,Partner,Basic,5,False,False,958,December,4,,,,,
A-02cd81,Company_76,Healthtech,In,2024-03-28,Other,Basic,44,False,False,847,March,1,,,,,
A-ee42db,Company_77,Edtech,De,2023-04-25,Ads,Enterprise,13,False,False,1185,April,2,,,,,
A-432483,Company_78,Cybersecurity,Us,2023-02-06,Ads,Pro,4,False,False,1263,February,1,,,,,
A-9208f0,Company_79,Edtech,Us,2023-05-11,Organic,Pro,1,False,True,1169,May,2,,,,,
A-98a59a,Company_80,Fintech,Uk,2023-08-04,Partner,Enterprise,56,False,False,1084,August,3,,,,,
A-fe79a5,Company_81,Healthtech,In,2024-02-21,Ads,Basic,9,True,False,883,February,1,,,,,
A-726cfa,Company_82,Devtools,Us,2023-07-01,Partner,Pro,11,False,False,1118,July,3,,,,,
A-c43359,Company_83,Fintech,Us,2024-11-16,Organic,Pro,38,False,False,614,November,4,,,,,
A-271f46,Company_84,Devtools,Us,2023-02-09,Event,Pro,38,False,True,1260,February,1,,,,,
A-157070,Company_85,Fintech,Us,2023-11-09,Ads,Pro,16,False,False,987,November,4,,,,,
A-40a557,Company_86,Cybersecurity,Au,2023-12-03,Partner,Pro,16,True,False,963,December,4,,,,,
A-66224b,Company_87,Healthtech,Us,2024-10-18,Other,Pro,92,True,False,643,October,4,,,,,
A-91e948,Company_88,Edtech,Au,2023-01-29,Partner,Basic,41,False,False,1271,January,1,,,,,
A-104f1a,Company_89,Cybersecurity,Us,2024-08-17,Other,Pro,24,False,False,705,August,3,,,,,
A-7988d1,Company_90,Cybersecurity,Us,2023-12-20,Other,Basic,33,False,False,946,December,4,,,,,
A-faa28c,Company_91,Healthtech,Us,2024-01-30,Organic,Enterprise,48,False,False,905,January,1,,,,,
A-f25509,Company_92,Edtech,Us,2024-03-22,Other,Enterprise,32,False,False,853,March,1,,,,,
A-3a7284,Company_93,Fintech,Us,2024-11-17,Organic,Enterprise,31,False,False,613,November,4,,,,,
A-3a5ad8,Company_94,Healthtech,Us,2023-12-05,Organic,Enterprise,9,True,False,961,December,4,,,,,
A-65a46c,Company_95,Healthtech,Us,2023-11-04,Event,Pro,1,False,False,992,November,4,,,,,
A-8b25f2,Company_96,Cybersecurity,Us,2024-02-17,Ads,Pro,6,False,True,887,February,1,,,,,
A-fabe19,Company_97,Devtools,Uk,2024-11-11,Ads,Enterprise,1,False,False,619,November,4,,,,,
A-adc1f3,Company_98,Cybersecurity,Us,2024-08-05,Organic,Pro,2,False,False,717,August,3,,,,,
A-503d5a,Company_99,Fintech,Us,2023-10-21,Other,Enterprise,4,False,True,1006,October,4,,,,,
A-fd7ad3,Company_100,Cybersecurity,Us,2024-11-01,Event,Enterprise,1,False,False,629,November,4,,,,,
A-186a44,Company_101,Healthtech,Us,2023-08-07,Ads,Enterprise,20,False,False,1081,August,3,,,,,
A-e888d1,Company_102,Cybersecurity,Us,2023-03-28,Other,Pro,14,False,False,1213,March,1,,,,,
A-69fad4,Company_103,Fintech,Uk,2023-04-06,Ads,Basic,6,False,True,1204,April,2,,,,,
A-9289f6,Company_104,Edtech,Us,2023-05-31,Event,Enterprise,1,False,False,1149,May,2,,,,,
A-f19409,Company_105,Devtools,Us,2023-03-16,Other,Basic,23,False,True,1225,March,1,,,,,
A-22f2df,Company_106,Devtools,Us,2024-12-14,Ads,Basic,3,False,False,586,December,4,,,,,
A-039727,Company_107,Edtech,Au,2024-11-02,Organic,Pro,25,False,False,628,November,4,,,,,
A-2e3bad,Company_108,Fintech,Ca,2023-08-13,Other,Pro,61,False,False,1075,August,3,,,,,
A-484819,Company_109,Healthtech,Us,2023-02-21,Organic,Pro,18,False,False,1248,February,1,,,,,
A-425e76,Company_110,Devtools,Uk,2023-05-17,Other,Enterprise,8,False,True,1163,May,2,,,,,
A-e83938,Company_111,Devtools,Uk,2023-11-21,Other,Pro,2,True,True,975,November,4,,,,,
A-ad296b,Company_112,Devtools,Au,2024-07-15,Event,Pro,38,False,False,738,July,3,,,,,
A-e51ec7,Company_113,Fintech,Ca,2023-09-23,Partner,Enterprise,2,False,False,1034,September,3,,,,,
A-0aaf6e,Company_114,Fintech,Us,2024-05-11,Organic,Enterprise,3,False,False,803,May,2,,,,,
A-e61e98,Company_115,Fintech,Us,2023-10-20,Partner,Enterprise,19,False,True,1007,October,4,,,,,
A-92a333,Company_116,Fintech,Us,2023-03-24,Event,Enterprise,9,False,False,1217,March,1,,,,,
A-95b24a,Company_117,Fintech,Us,2023-06-06,Event,Pro,38,False,True,1143,June,2,,,,,
A-42e5e1,Company_118,Devtools,Us,2024-07-09,Ads,Pro,1,False,True,744,July,3,,,,,
A-7d514c,Company_119,Healthtech,De,2024-02-03,Organic,Enterprise,17,False,False,901,February,1,,,,,
A-65aeb5,Company_120,Devtools,Us,2024-01-25,Partner,Pro,9,False,False,910,January,1,,,,,
A-e2cd1b,Company_121,Devtools,Us,2024-02-04,Other,Enterprise,15,False,False,900,February,1,,,,,
A-180abf,Company_122,Devtools,Us,2023-08-14,Event,Pro,64,False,True,1074,August,3,,,,,
A-f17767,Company_123,Devtools,Us,2023-01-30,Event,Enterprise,1,True,True,1270,January,1,,,,,
A-5a184f,Company_124,Devtools,De,2023-06-19,Other,Enterprise,1,False,True,1130,June,2,,,,,
A-7df7a7,Company_125,Devtools,Us,2023-01-28,Organic,Basic,7,False,True,1272,January,1,,,,,
A-1ac5e0,Company_126,Devtools,Us,2024-10-20,Event,Basic,33,False,True,641,October,4,,,,,
A-52dd88,Company_127,Cybersecurity,Us,2023-02-21,Ads,Pro,23,False,False,1248,February,1,,,,,
A-bece89,Company_128,Cybersecurity,In,2023-12-01,Event,Pro,26,False,False,965,December,4,,,,,
A-029f69,Company_129,Cybersecurity,Ca,2024-03-07,Event,Basic,3,False,False,868,March,1,,,,,
A-5c046d,Company_130,Edtech,Fr,2024-07-06,Partner,Basic,93,False,False,747,July,3,,,,,
A-fb186e,Company_131,Edtech,In,2024-10-27,Organic,Basic,29,False,False,634,October,4,,,,,
A-ae052e,Company_132,Fintech,Ca,2023-09-11,Other,Basic,39,False,False,1046,September,3,,,,,
A-9f9299,Company_133,Fintech,Us,2023-09-02,Organic,Enterprise,28,True,False,1055,September,3,,,,,
A-96e141,Company_134,Devtools,Uk,2023-08-12,Partner,Basic,14,False,False,1076,August,3,,,,,
A-117171,Company_135,Healthtech,Fr,2024-09-12,Organic,Basic,45,False,True,679,September,3,,,,,
A-313be3,Company_136,Edtech,Us,2023-11-15,Partner,Enterprise,47,True,False,981,November,4,,,,,
A-671f31,Company_137,Devtools,Us,2024-11-24,Ads,Basic,59,False,False,606,November,4,,,,,
A-bbc346,Company_138,Fintech,Us,2024-08-29,Partner,Enterprise,19,False,False,693,August,3,,,,,
A-c16101,Company_139,Edtech,In,2024-09-06,Other,Basic,7,False,False,685,September,3,,,,,
A-50f3f7,Company_140,Healthtech,Us,2023-12-22,Partner,Basic,31,False,True,944,December,4,,,,,
A-7da956,Company_141,Cybersecurity,Us,2024-06-02,Event,Pro,13,True,False,781,June,2,,,,,
A-019782,Company_142,Devtools,Fr,2023-04-19,Event,Enterprise,11,False,False,1191,April,2,,,,,
A-df10db,Company_143,Devtools,Us,2023-06-06,Other,Enterprise,2,True,False,1143,June,2,,,,,
A-3932db,Company_144,Healthtech,Ca,2023-10-04,Other,Pro,19,True,True,1023,October,4,,,,,
A-4f18f0,Company_145,Devtools,Ca,2024-04-21,Other,Pro,24,True,False,823,April,2,,,,,
A-4c6f11,Company_146,Fintech,Ca,2023-11-27,Organic,Pro,24,True,True,969,November,4,,,,,
A-8ae05d,Company_147,Fintech,In,2024-04-06,Other,Enterprise,86,False,False,838,April,2,,,,,
A-b78bf8,Company_148,Devtools,Us,2024-11-15,Event,Pro,33,False,False,615,November,4,,,,,
A-eafc6e,Company_149,Devtools,Us,2023-07-06,Partner,Pro,27,False,True,1113,July,3,,,,,
A-37f969,Company_150,Healthtech,In,2023-10-14,Partner,Enterprise,30,False,False,1013,October,4,,,,,
A-10b8f2,Company_151,Healthtech,De,2023-01-11,Organic,Basic,47,True,False,1289,January,1,,,,,
A-439b2f,Company_152,Devtools,Us,2024-02-21,Ads,Enterprise,1,False,True,883,February,1,,,,,
A-544d0a,Company_153,Devtools,Us,2024-05-02,Organic,Basic,2,True,False,812,May,2,,,,,
A-ba6516,Company_154,Fintech,Us,2023-10-29,Ads,Pro,27,False,False,998,October,4,,,,,
A-712426,Company_155,Healthtech,Us,2024-11-10,Other,Enterprise,9,False,False,620,November,4,,,,,
A-038089,Company_156,Devtools,Fr,2023-12-19,Other,Pro,5,False,True,947,December,4,,,,,
A-afa505,Company_157,Devtools,Us,2023-12-27,Partner,Basic,70,True,False,939,December,4,,,,,
A-d5a319,Company_158,Fintech,Us,2023-05-04,Other,Enterprise,15,False,True,1176,May,2,,,,,
A-f97b9a,Company_159,Fintech,Us,2023-07-09,Event,Pro,16,False,False,1110,July,3,,,,,
A-2f6a32,Company_160,Healthtech,Us,2024-08-26,Organic,Basic,19,False,False,696,August,3,,,,,
A-856b1e,Company_161,Fintech,Us,2023-10-31,Partner,Basic,19,False,False,996,October,4,,,,,
A-17939a,Company_162,Healthtech,Us,2024-12-26,Organic,Basic,1,False,False,574,December,4,,,,,
A-d27f50,Company_163,Cybersecurity,Uk,2024-07-20,Ads,Enterprise,44,False,False,733,July,3,,,,,
A-e36807,Company_164,Edtech,Au,2024-05-17,Other,Pro,6,False,False,797,May,2,,,,,
A-ff79f2,Company_165,Devtools,Us,2024-04-25,Ads,Basic,8,False,True,819,April,2,,,,,
A-5b1bcd,Company_166,Devtools,Us,2023-09-16,Organic,Pro,73,False,False,1041,September,3,,,,,
A-71615e,Company_167,Edtech,Us,2024-05-18,Organic,Basic,15,False,False,796,May,2,,,,,
A-794a0b,Company_168,Healthtech,De,2023-06-02,Organic,Basic,23,False,False,1147,June,2,,,,,
A-86902e,Company_169,Healthtech,In,2023-05-02,Other,Enterprise,34,False,False,1178,May,2,,,,,
A-0532a9,Company_170,Fintech,In,2024-09-25,Event,Pro,19,False,False,666,September,3,,,,,
A-9779ad,Company_171,Cybersecurity,Au,2024-03-29,Event,Pro,40,True,True,846,March,1,,,,,
A-f45426,Company_172,Healthtech,Us,2024-08-05,Organic,Basic,9,False,False,717,August,3,,,,,
A-c1e51e,Company_173,Fintech,Us,2024-10-02,Organic,Basic,3,False,False,659,October,4,,,,,
A-fa3095,Company_174,Fintech,Us,2023-09-03,Ads,Basic,70,False,False,1054,September,3,,,,,
A-ad64c6,Company_175,Devtools,Uk,2024-02-23,Event,Pro,12,False,False,881,February,1,,,,,
A-39b19f,Company_176,Fintech,Us,2023-02-03,Partner,Enterprise,1,False,False,1266,February,1,,,,,
A-56962b,Company_177,Edtech,Uk,2024-04-09,Partner,Enterprise,163,False,False,835,April,2,,,,,
A-e60f9d,Company_178,Fintech,Us,2024-08-26,Other,Basic,29,False,False,696,August,3,,,,,
A-88c6ca,Company_179,Fintech,De,2024-10-25,Ads,Basic,5,False,True,636,October,4,,,,,
A-158f4e,Company_180,Fintech,In,2023-03-03,Other,Enterprise,61,False,False,1238,March,1,,,,,
A-5b051a,Company_181,Cybersecurity,Us,2024-08-05,Event,Enterprise,22,False,False,717,August,3,,,,,
A-296d7c,Company_182,Devtools,De,2023-11-08,Other,Enterprise,2,False,False,988,November,4,,,,,
A-1619f8,Company_183,Devtools,Us,2024-05-20,Organic,Pro,29,False,False,794,May,2,,,,,
A-a1b80b,Company_184,Healthtech,Us,2023-11-27,Organic,Basic,16,False,False,969,November,4,,,,,
A-139c3b,Company_185,Healthtech,Us,2024-11-21,Organic,Enterprise,10,True,True,609,November,4,,,,,
A-702032,Company_186,Healthtech,Us,2023-10-03,Ads,Pro,28,False,False,1024,October,4,,,,,
A-7a0d69,Company_187,Devtools,De,2024-06-15,Ads,Enterprise,4,True,True,768,June,2,,,,,
A-22d9d2,Company_188,Devtools,Fr,2024-03-22,Event,Pro,8,False,False,853,March,1,,,,,
A-b9eed8,Company_189,Cybersecurity,Us,2024-02-23,Organic,Basic,11,False,False,881,February,1,,,,,
A-dfbd31,Company_190,Devtools,Uk,2023-12-04,Partner,Enterprise,14,False,False,962,December,4,,,,,
A-8e47ca,Company_191,Healthtech,Us,2024-02-15,Organic,Pro,19,False,False,889,February,1,,,,,
A-4437e4,Company_192,Cybersecurity,Us,2023-09-16,Event,Enterprise,3,False,False,1041,September,3,,,,,
A-779e4e,Company_193,Healthtech,Us,2023-01-02,Organic,Basic,5,False,False,1298,January,1,,,,,
A-53f4e3,Company_194,Cybersecurity,Uk,2024-06-14,Event,Enterprise,13,False,False,769,June,2,,,,,
A-692f18,Company_195,Edtech,Us,2024-03-28,Other,Basic,5,True,True,847,March,1,,,,,
A-13466a,Company_196,Devtools,Au,2023-10-22,Event,Basic,2,False,True,1005,October,4,,,,,
A-1986ca,Company_197,Healthtech,In,2023-01-30,Ads,Pro,20,False,False,1270,January,1,,,,,
A-0cc442,Company_198,Edtech,Us,2024-07-18,Organic,Basic,45,False,False,735,July,3,,,,,
A-c608c8,Company_199,Devtools,De,2023-04-27,Ads,Pro,3,False,True,1183,April,2,,,,,
A-3be56b,Company_200,Healthtech,In,2023-10-26,Event,Pro,3,False,True,1001,October,4,,,,,
A-354f12,Company_201,Fintech,Us,2024-04-28,Ads,Pro,1,True,False,816,April,2,,,,,
A-68f37c,Company_202,Healthtech,Us,2023-07-15,Ads,Basic,4,False,False,1104,July,3,,,,,
A-aa9511,Company_203,Devtools,Us,2023-10-10,Other,Pro,23,True,False,1017,October,4,,,,,
A-af0cd2,Company_204,Cybersecurity,In,2023-01-03,Other,Enterprise,19,True,False,1297,January,1,,,,,
A-bd4513,Company_205,Devtools,Au,2024-11-06,Event,Enterprise,50,True,False,624,November,4,,,,,
A-c222ab,Company_206,Cybersecurity,Us,2024-05-10,Other,Pro,32,False,True,804,May,2,,,,,
A-34d880,Company_207,Cybersecurity,Au,2024-04-11,Ads,Enterprise,4,False,False,833,April,2,,,,,
A-508199,Company_208,Fintech,Au,2024-01-28,Event,Basic,19,False,False,907,January,1,,,,,
A-f03140,Company_209,Devtools,In,2023-11-22,Event,Pro,27,True,False,974,November,4,,,,,
A-410e86,Company_210,Fintech,Us,2024-11-10,Organic,Basic,24,False,False,620,November,4,,,,,
A-fa2041,Company_211,Healthtech,Us,2024-05-29,Organic,Pro,15,True,False,785,May,2,,,,,
A-de58ca,Company_212,Healthtech,De,2023-04-13,Organic,Enterprise,15,False,False,1197,April,2,,,,,
A-05d3b3,Company_213,Devtools,Au,2023-05-28,Ads,Basic,9,True,False,1152,May,2,,,,,
A-249769,Company_214,Cybersecurity,Us,2024-04-25,Event,Enterprise,4,False,True,819,April,2,,,,,
A-e43bf7,Company_215,Cybersecurity,Au,2023-03-24,Other,Pro,44,False,False,1217,March,1,,,,,
A-eb2fdc,Company_216,Devtools,Au,2023-11-21,Organic,Enterprise,31,False,True,975,November,4,,,,,
A-e1462e,Company_217,Fintech,Uk,2023-03-12,Partner,Basic,15,False,False,1229,March,1,,,,,
A-cab532,Company_218,Devtools,Fr,2023-04-03,Organic,Pro,11,True,False,1207,April,2,,,,,
A-9123ac,Company_219,Cybersecurity,De,2023-06-20,Organic,Pro,9,False,False,1129,June,2,,,,,
A-6e08f3,Company_220,Cybersecurity,Us,2023-02-27,Event,Basic,8,False,False,1242,February,1,,,,,
A-d922bf,Company_221,Healthtech,Us,2023-09-08,Ads,Basic,5,True,True,1049,September,3,,,,,
A-8ed5dd,Company_222,Edtech,Uk,2023-06-29,Event,Enterprise,5,False,True,1120,June,2,,,,,
A-7c6b6b,Company_223,Fintech,Us,2024-11-30,Other,Basic,6,False,False,600,November,4,,,,,
A-3c1a3f,Company_224,Devtools,Uk,2023-08-26,Event,Pro,1,False,False,1062,August,3,,,,,
A-b48f73,Company_225,Edtech,Au,2024-11-13,Event,Pro,80,True,False,617,November,4,,,,,
A-76fa4d,Company_226,Healthtech,Us,2024-11-24,Event,Pro,69,False,False,606,November,4,,,,,
A-b2af2e,Company_227,Cybersecurity,Uk,2024-08-24,Event,Enterprise,5,False,False,698,August,3,,,,,
A-9bfc9f,Company_228,Devtools,Ca,2023-09-14,Ads,Pro,53,False,False,1043,September,3,,,,,
A-4ae22a,Company_229,Edtech,Us,2024-05-09,Other,Pro,6,False,True,805,May,2,,,,,
A-fda07f,Company_230,Cybersecurity,Fr,2024-08-11,Partner,Basic,7,False,False,711,August,3,,,,,
A-de24d5,Company_231,Devtools,Us,2024-11-05,Other,Enterprise,5,True,False,625,November,4,,,,,
A-977ca0,Company_232,Healthtech,In,2023-02-20,Partner,Basic,6,False,True,1249,February,1,,,,,
A-ab438f,Company_233,Cybersecurity,Us,2024-09-13,Ads,Enterprise,13,False,True,678,September,3,,,,,
A-e89151,Company_234,Fintech,Uk,2023-09-14,Organic,Pro,8,True,True,1043,September,3,,,,,
A-40906c,Company_235,Edtech,Us,2024-03-27,Ads,Basic,92,False,False,848,March,1,,,,,
A-81edc3,Company_236,Cybersecurity,In,2023-10-30,Ads,Basic,5,False,False,997,October,4,,,,,
A-328bd0,Company_237,Healthtech,Au,2023-05-16,Partner,Enterprise,18,False,False,1164,May,2,,,,,
A-b3fe05,Company_238,Cybersecurity,Ca,2024-05-28,Partner,Pro,8,False,False,786,May,2,,,,,
A-09540c,Company_239,Cybersecurity,Ca,2023-10-30,Event,Basic,67,True,False,997,October,4,,,,,
A-e693b6,Company_240,Fintech,Au,2023-05-25,Event,Enterprise,55,False,True,1155,May,2,,,,,
A-2446e3,Company_241,Edtech,In,2024-01-10,Organic,Pro,27,False,False,925,January,1,,,,,
A-241e75,Company_242,Edtech,Us,2024-07-03,Partner,Enterprise,3,False,False,750,July,3,,,,,
A-922109,Company_243,Cybersecurity,Us,2024-01-26,Ads,Pro,3,False,False,909,January,1,,,,,
A-ff3c73,Company_244,Healthtech,Au,2023-01-26,Other,Pro,21,False,False,1274,January,1,,,,,
A-8b0451,Company_245,Fintech,Uk,2024-09-16,Event,Enterprise,41,False,False,675,September,3,,,,,
A-331424,Company_246,Devtools,Us,2023-11-06,Organic,Basic,11,False,False,990,November,4,,,,,
A-51ec1b,Company_247,Devtools,Us,2023-11-08,Ads,Enterprise,7,False,False,988,November,4,,,,,
A-bcf664,Company_248,Devtools,Us,2023-05-19,Other,Pro,5,False,False,1161,May,2,,,,,
A-90a8c8,Company_249,Fintech,Au,2024-08-24,Organic,Pro,15,False,False,698,August,3,,,,,
A-86cdb4,Company_250,Devtools,De,2024-09-22,Partner,Basic,2,False,False,669,September,3,,,,,
A-4bfa33,Company_251,Cybersecurity,Us,2024-12-07,Event,Basic,8,True,False,593,December,4,,,,,
A-dbc825,Company_252,Edtech,Fr,2024-01-07,Partner,Enterprise,19,False,False,928,January,1,,,,,
A-c70870,Company_253,Cybersecurity,Us,2024-10-22,Partner,Basic,31,False,False,639,October,4,,,,,
A-7c4956,Company_254,Devtools,Us,2023-05-06,Ads,Enterprise,5,False,True,1174,May,2,,,,,
A-0651a4,Company_255,Healthtech,Fr,2024-10-16,Organic,Pro,16,False,False,645,October,4,,,,,
A-3ce5b8,Company_256,Fintech,In,2023-09-07,Ads,Basic,8,False,True,1050,September,3,,,,,
A-bd4708,Company_257,Fintech,Us,2024-07-21,Ads,Pro,37,True,False,732,July,3,,,,,
A-993085,Company_258,Healthtech,Us,2023-06-01,Ads,Basic,31,True,False,1148,June,2,,,,,
A-92a3af,Company_259,Cybersecurity,In,2024-07-07,Organic,Enterprise,25,False,False,746,July,3,,,,,
A-151c9a,Company_260,Fintech,Us,2023-01-27,Ads,Enterprise,23,False,False,1273,January,1,,,,,
A-474ad4,Company_261,Edtech,Us,2023-11-28,Organic,Basic,8,False,False,968,November,4,,,,,
A-4ef964,Company_262,Healthtech,Us,2024-03-07,Organic,Pro,17,False,False,868,March,1,,,,,
A-fd9422,Company_263,Cybersecurity,Us,2024-04-04,Organic,Pro,58,False,False,840,April,2,,,,,
A-0baac2,Company_264,Fintech,De,2024-05-30,Organic,Enterprise,14,False,True,784,May,2,,,,,
A-bb1486,Company_265,Healthtech,Us,2024-11-05,Organic,Basic,41,False,False,625,November,4,,,,,
A-560d27,Company_266,Devtools,Us,2024-05-05,Organic,Pro,23,False,False,809,May,2,,,,,
A-0b0d6d,Company_267,Devtools,Us,2024-12-30,Organic,Pro,3,False,False,570,December,4,,,,,
A-2789e3,Company_268,Fintech,Us,2024-09-14,Partner,Enterprise,11,False,False,677,September,3,,,,,
A-b07346,Company_269,Healthtech,Us,2024-10-10,Partner,Pro,51,False,True,651,October,4,,,,,
A-902ef7,Company_270,Healthtech,Us,2024-09-03,Other,Enterprise,83,False,True,688,September,3,,,,,
A-20736a,Company_271,Edtech,In,2024-03-16,Organic,Enterprise,50,False,False,859,March,1,,,,,
A-e4bf56,Company_272,Healthtech,In,2024-10-28,Ads,Pro,17,False,True,633,October,4,,,,,
A-cea1f0,Company_273,Fintech,Us,2024-04-07,Event,Pro,8,False,True,837,April,2,,,,,
A-ef84cf,Company_274,Edtech,Us,2024-03-01,Partner,Enterprise,8,False,False,874,March,1,,,,,
A-d49cc5,Company_275,Cybersecurity,Fr,2023-09-19,Event,Basic,50,False,False,1038,September,3,,,,,
A-67be94,Company_276,Edtech,Us,2023-04-04,Organic,Enterprise,26,False,False,1206,April,2,,,,,
A-4e960a,Company_277,Fintech,Us,2024-01-17,Other,Enterprise,12,True,True,918,January,1,,,,,
A-c37cab,Company_278,Cybersecurity,Uk,2024-07-29,Event,Pro,13,False,False,724,July,3,,,,,
A-533452,Company_279,Devtools,Au,2024-11-12,Organic,Pro,9,False,False,618,November,4,,,,,
A-443b7c,Company_280,Cybersecurity,Us,2024-09-06,Other,Enterprise,1,False,True,685,September,3,,,,,
A-1f7acb,Company_281,Fintech,Uk,2023-08-06,Ads,Basic,64,True,False,1082,August,3,,,,,
A-f51f16,Company_282,Healthtech,Us,2023-12-25,Partner,Enterprise,1,False,False,941,December,4,,,,,
A-5a3eb9,Company_283,Devtools,Ca,2023-08-20,Other,Enterprise,18,True,False,1068,August,3,,,,,
A-5f2961,Company_284,Healthtech,Us,2024-11-22,Partner,Basic,4,False,False,608,November,4,,,,,
A-417d2f,Company_285,Cybersecurity,In,2023-07-04,Partner,Pro,4,True,False,1115,July,3,,,,,
A-e98302,Company_286,Edtech,Us,2023-12-26,Ads,Enterprise,16,True,False,940,December,4,,,,,
A-8bde0c,Company_287,Devtools,Us,2024-11-04,Organic,Basic,12,False,False,626,November,4,,,,,
A-bcf87c,Company_288,Fintech,Us,2024-06-27,Event,Pro,10,False,True,756,June,2,,,,,
A-54ecc2,Company_289,Cybersecurity,Us,2023-06-11,Partner,Enterprise,4,False,False,1138,June,2,,,,,
A-625d0b,Company_290,Edtech,Au,2024-09-02,Ads,Basic,9,False,False,689,September,3,,,,,
A-fce879,Company_291,Edtech,Uk,2024-09-24,Partner,Pro,10,True,True,667,September,3,,,,,
A-b07b56,Company_292,Devtools,Us,2024-11-08,Event,Pro,25,False,True,622,November,4,,,,,
A-6da850,Company_293,Fintech,In,2023-10-07,Organic,Pro,5,False,False,1020,October,4,,,,,
A-342303,Company_294,Edtech,Us,2024-03-16,Other,Pro,1,True,False,859,March,1,,,,,
A-e7a1e2,Company_295,Cybersecurity,Us,2024-06-23,Event,Enterprise,3,False,False,760,June,2,,,,,
A-f1f639,Company_296,Edtech,Us,2023-02-26,Ads,Basic,2,False,False,1243,February,1,,,,,
A-a865bd,Company_297,Cybersecurity,Us,2023-09-19,Organic,Pro,38,False,False,1038,September,3,,,,,
A-4e631b,Company_298,Fintech,Us,2024-03-16,Other,Enterprise,22,False,False,859,March,1,,,,,
A-7f6b86,Company_299,Healthtech,Us,2023-08-24,Partner,Basic,45,True,True,1064,August,3,,,,,
A-8adedc,Company_300,Edtech,Us,2024-02-11,Event,Basic,4,True,True,893,February,1,,,,,
A-2edab2,Company_301,Healthtech,Us,2023-11-17,Event,Enterprise,17,False,False,979,November,4,,,,,
A-149a69,Company_302,Devtools,Us,2024-10-17,Event,Basic,34,False,False,644,October,4,,,,,
A-a6d261,Company_303,Fintech,Ca,2023-11-29,Other,Pro,9,False,False,967,November,4,,,,,
A-443f6f,Company_304,Cybersecurity,Us,2024-12-07,Organic,Basic,19,False,False,593,December,4,,,,,
A-202b67,Company_305,Healthtech,Us,2024-03-22,Organic,Pro,11,False,False,853,March,1,,,,,
A-00bed1,Company_306,Cybersecurity,Us,2023-11-14,Ads,Basic,28,True,False,982,November,4,,,,,
A-ffc04f,Company_307,Edtech,Us,2024-06-06,Ads,Pro,13,False,False,777,June,2,,,,,
A-65c341,Company_308,Fintech,Us,2023-12-26,Ads,Pro,11,True,False,940,December,4,,,,,
A-dcc2f0,Company_309,Fintech,Uk,2023-07-22,Organic,Basic,15,False,False,1097,July,3,,,,,
A-ced9aa,Company_310,Devtools,Us,2024-10-05,Other,Enterprise,3,False,False,656,October,4,,,,,
A-3d957b,Company_311,Healthtech,Uk,2024-04-04,Other,Pro,14,False,False,840,April,2,,,,,
A-89ee83,Company_312,Cybersecurity,Us,2024-10-04,Organic,Pro,1,False,True,657,October,4,,,,,
A-883b7d,Company_313,Cybersecurity,In,2024-03-28,Other,Basic,17,False,False,847,March,1,,,,,
A-dcc3f1,Company_314,Healthtech,Us,2023-12-27,Event,Pro,21,False,False,939,December,4,,,,,
A-c62e55,Company_315,Edtech,Us,2023-02-08,Partner,Basic,1,True,False,1261,February,1,,,,,
A-e4144b,Company_316,Edtech,Uk,2024-10-22,Other,Pro,41,False,False,639,October,4,,,,,
A-e40f45,Company_317,Healthtech,Us,2024-04-18,Organic,Pro,21,False,False,826,April,2,,,,,
A-96215d,Company_318,Fintech,Us,2024-08-08,Event,Enterprise,10,False,False,714,August,3,,,,,
A-2b9d3e,Company_319,Edtech,Us,2023-06-04,Partner,Enterprise,1,False,False,1145,June,2,,,,,
A-b7724f,Company_320,Healthtech,Uk,2023-03-28,Organic,Basic,1,False,False,1213,March,1,,,,,
A-310452,Company_321,Devtools,Fr,2024-12-25,Other,Enterprise,9,False,False,575,December,4,,,,,
A-eb1312,Company_322,Fintech,Us,2024-09-16,Partner,Pro,25,False,False,675,September,3,,,,,
A-df1e44,Company_323,Cybersecurity,Uk,2024-02-23,Organic,Enterprise,12,False,False,881,February,1,,,,,
A-6a7c9d,Company_324,Cybersecurity,Us,2024-10-24,Organic,Enterprise,26,False,True,637,October,4,,,,,
A-cbd1a3,Company_325,Devtools,Us,2024-11-25,Other,Basic,6,False,True,605,November,4,,,,,
A-a8d89d,Company_326,Edtech,Us,2023-12-08,Ads,Pro,13,False,False,958,December,4,,,,,
A-600734,Company_327,Devtools,Us,2023-11-14,Organic,Pro,29,True,True,982,November,4,,,,,
A-86fc1d,Company_328,Devtools,Uk,2024-07-26,Partner,Basic,26,False,False,727,July,3,,,,,
A-78f02b,Company_329,Healthtech,Us,2024-11-17,Event,Enterprise,11,False,False,613,November,4,,,,,
A-acb7f7,Company_330,Edtech,Us,2024-01-06,Ads,Basic,32,False,False,929,January,1,,,,,
A-712f1c,Company_331,Devtools,Us,2023-12-16,Ads,Basic,17,False,True,950,December,4,,,,,
A-3793ee,Company_332,Cybersecurity,Ca,2023-03-21,Organic,Enterprise,49,True,False,1220,March,1,,,,,
A-9a532a,Company_333,Healthtech,Us,2024-07-06,Partner,Enterprise,11,False,False,747,July,3,,,,,
A-2ebb4b,Company_334,Healthtech,Us,2023-05-15,Ads,Basic,41,False,False,1165,May,2,,,,,
A-6843f2,Company_335,Healthtech,Ca,2024-12-10,Ads,Enterprise,21,False,False,590,December,4,,,,,
A-c9bb3e,Company_336,Edtech,Us,2024-03-24,Ads,Pro,5,False,False,851,March,1,,,,,
A-4814a3,Company_337,Cybersecurity,In,2024-09-17,Event,Basic,87,False,True,674,September,3,,,,,
A-b7b7b7,Company_338,Fintech,Us,2024-06-30,Event,Basic,24,False,True,753,June,2,,,,,
A-ccc747,Company_339,Healthtech,Fr,2024-01-12,Event,Pro,16,False,True,923,January,1,,,,,
A-bb3bd4,Company_340,Healthtech,Us,2024-01-27,Ads,Basic,23,False,False,908,January,1,,,,,
A-09316c,Company_341,Fintech,Au,2024-09-11,Organic,Enterprise,70,False,False,680,September,3,,,,,
A-96bbc6,Company_342,Cybersecurity,Us,2024-05-07,Organic,Enterprise,39,False,False,807,May,2,,,,,
A-bc4d48,Company_343,Edtech,Us,2024-06-12,Ads,Pro,35,True,False,771,June,2,,,,,
A-b30291,Company_344,Healthtech,Us,2024-04-05,Event,Basic,5,True,True,839,April,2,,,,,
A-cdf020,Company_345,Devtools,Au,2023-08-16,Organic,Pro,23,False,False,1072,August,3,,,,,
A-e6afc1,Company_346,Devtools,Us,2023-02-24,Ads,Pro,1,False,False,1245,February,1,,,,,
A-e3bd71,Company_347,Cybersecurity,Us,2023-03-25,Partner,Basic,31,False,False,1216,March,1,,,,,
A-b179bf,Company_348,Cybersecurity,In,2024-10-27,Ads,Basic,43,False,False,634,October,4,,,,,
A-098560,Company_349,Devtools,Uk,2023-10-21,Ads,Enterprise,1,False,True,1006,October,4,,,,,
A-82861f,Company_350,Devtools,Uk,2024-04-25,Organic,Basic,41,False,False,819,April,2,,,,,
A-94c3cd,Company_351,Fintech,Ca,2023-09-20,Other,Enterprise,32,False,False,1037,September,3,,,,,
A-a33200,Company_352,Healthtech,Us,2024-09-15,Partner,Basic,29,False,False,676,September,3,,,,,
A-034368,Company_353,Edtech,Us,2023-11-05,Event,Enterprise,19,False,False,991,November,4,,,,,
A-b54c01,Company_354,Devtools,Us,2024-09-29,Event,Enterprise,29,False,False,662,September,3,,,,,
A-d82ef9,Company_355,Edtech,Uk,2024-07-02,Other,Basic,26,False,True,751,July,3,,,,,
A-bb2f49,Company_356,Cybersecurity,Us,2023-05-28,Other,Pro,8,False,False,1152,May,2,,,,,
A-1f559b,Company_357,Healthtech,Us,2023-09-04,Organic,Enterprise,5,True,True,1053,September,3,,,,,
A-5a215a,Company_358,Edtech,Fr,2024-01-05,Other,Enterprise,87,False,False,930,January,1,,,,,
A-3f9cc0,Company_359,Healthtech,Us,2024-06-03,Event,Basic,22,False,False,780,June,2,,,,,
A-f9cc74,Company_360,Devtools,Fr,2024-10-12,Partner,Enterprise,30,True,False,649,October,4,,,,,
A-ed510f,Company_361,Cybersecurity,In,2023-01-17,Partner,Basic,42,False,False,1283,January,1,,,,,
A-5c9849,Company_362,Edtech,In,2024-11-03,Partner,Basic,19,False,False,627,November,4,,,,,
A-a7bd4b,Company_363,Cybersecurity,Us,2023-02-15,Ads,Enterprise,5,False,False,1254,February,1,,,,,
A-d4ac0e,Company_364,Devtools,Uk,2024-04-20,Ads,Basic,18,False,False,824,April,2,,,,,
A-ffdfd5,Company_365,Edtech,Us,2024-04-13,Organic,Basic,3,False,True,831,April,2,,,,,
A-0dbdc6,Company_366,Cybersecurity,De,2023-02-12,Other,Pro,30,False,True,1257,February,1,,,,,
A-7cfe77,Company_367,Devtools,Us,2024-07-10,Ads,Pro,69,False,False,743,July,3,,,,,
A-1f0636,Company_368,Edtech,Au,2024-01-01,Partner,Pro,105,False,False,934,January,1,,,,,
A-40de06,Company_369,Cybersecurity,Us,2023-05-08,Event,Enterprise,28,False,True,1172,May,2,,,,,
A-cb5333,Company_370,Devtools,Us,2024-03-26,Ads,Pro,33,False,False,849,March,1,,,,,
A-309e54,Company_371,Devtools,Us,2024-12-09,Other,Pro,15,False,False,591,December,4,,,,,
A-6e7827,Company_372,Devtools,Us,2023-03-26,Other,Basic,1,False,False,1215,March,1,,,,,
A-50bb9f,Company_373,Cybersecurity,Us,2024-07-12,Organic,Pro,2,False,False,741,July,3,,,,,
A-5fe118,Company_374,Cybersecurity,Us,2024-11-07,Other,Enterprise,39,False,False,623,November,4,,,,,
A-5247b3,Company_375,Fintech,Uk,2024-03-12,Partner,Pro,16,True,False,863,March,1,,,,,
A-f44180,Company_376,Cybersecurity,Uk,2023-02-13,Event,Pro,9,False,False,1256,February,1,,,,,
A-c16cf7,Company_377,Edtech,Us,2024-10-16,Event,Pro,13,True,False,645,October,4,,,,,
A-d42431,Company_378,Fintech,Fr,2024-06-09,Ads,Enterprise,22,True,False,774,June,2,,,,,
A-6965e1,Company_379,Devtools,Us,2024-11-25,Organic,Basic,13,False,False,605,November,4,,,,,
A-0354fe,Company_380,Cybersecurity,Us,2024-10-22,Other,Basic,34,False,False,639,October,4,,,,,
A-0a62f5,Company_381,Fintech,Uk,2024-09-11,Partner,Pro,16,False,False,680,September,3,,,,,
A-f5641b,Company_382,Edtech,Us,2024-03-30,Other,Pro,31,False,False,845,March,1,,,,,
A-b44e3e,Company_383,Cybersecurity,Uk,2024-02-12,Ads,Basic,40,False,False,892,February,1,,,,,
A-3b37d9,Company_384,Fintech,Us,2023-01-27,Event,Enterprise,23,False,False,1273,January,1,,,,,
A-54d94a,Company_385,Cybersecurity,In,2023-05-01,Event,Basic,27,False,False,1179,May,2,,,,,
A-7f29a7,Company_386,Cybersecurity,Uk,2024-09-18,Event,Basic,41,True,False,673,September,3,,,,,
A-089363,Company_387,Fintech,Au,2023-05-06,Event,Basic,2,False,False,1174,May,2,,,,,
A-524364,Company_388,Devtools,Fr,2024-12-31,Partner,Enterprise,3,False,False,569,December,4,,,,,
A-855a48,Company_389,Edtech,Us,2023-12-22,Partner,Pro,14,True,False,944,December,4,,,,,
A-756192,Company_390,Fintech,In,2023-06-11,Other,Basic,19,False,False,1138,June,2,,,,,
A-49b828,Company_391,Fintech,In,2023-05-05,Ads,Pro,6,False,False,1175,May,2,,,,,
A-c7ffc2,Company_392,Cybersecurity,Us,2023-01-27,Partner,Pro,30,True,False,1273,January,1,,,,,
A-751c58,Company_393,Fintech,Uk,2024-07-18,Organic,Basic,15,False,False,735,July,3,,,,,
A-72799b,Company_394,Devtools,Fr,2023-11-13,Event,Enterprise,20,False,True,983,November,4,,,,,
A-812c5b,Company_395,Devtools,Ca,2024-02-25,Organic,Basic,55,False,True,879,February,1,,,,,
A-69b156,Company_396,Edtech,Us,2023-11-21,Other,Pro,7,False,True,975,November,4,,,,,
A-075038,Company_397,Healthtech,Uk,2023-05-12,Ads,Basic,17,False,False,1168,May,2,,,,,
A-940b8b,Company_398,Healthtech,De,2024-03-19,Organic,Basic,1,False,False,856,March,1,,,,,
A-2d1036,Company_399,Fintech,Us,2024-06-14,Ads,Pro,69,False,True,769,June,2,,,,,
A-0f6450,Company_400,Fintech,Us,2024-12-27,Other,Pro,28,True,True,573,December,4,,,,,
A-9affe6,Company_401,Cybersecurity,Us,2023-03-22,Other,Pro,7,False,False,1219,March,1,,,,,
A-80eeb6,Company_402,Cybersecurity,Uk,2023-05-09,Organic,Enterprise,22,False,False,1171,May,2,,,,,
A-d4e0d4,Company_403,Fintech,Us,2024-10-18,Other,Basic,117,False,False,643,October,4,,,,,
A-c7e58b,Company_404,Healthtech,In,2023-06-25,Other,Pro,3,False,False,1124,June,2,,,,,
A-016043,Company_405,Edtech,Ca,2024-07-31,Organic,Basic,4,True,False,722,July,3,,,,,
A-bbe56f,Company_406,Healthtech,Us,2023-02-16,Ads,Enterprise,21,False,False,1253,February,1,,,,,
A-7c5768,Company_407,Healthtech,Uk,2024-03-02,Event,Enterprise,3,False,False,873,March,1,,,,,
A-751bd4,Company_408,Cybersecurity,Uk,2024-07-12,Partner,Pro,10,False,False,741,July,3,,,,,
A-4e0e85,Company_409,Devtools,Us,2023-09-08,Organic,Enterprise,6,False,False,1049,September,3,,,,,
A-ad3abd,Company_410,Fintech,Us,2023-03-03,Event,Pro,44,False,False,1238,March,1,,,,,
A-e19ff6,Company_411,Cybersecurity,Uk,2023-07-28,Partner,Enterprise,1,False,False,1091,July,3,,,,,
A-7920cc,Company_412,Cybersecurity,Fr,2023-11-23,Ads,Pro,39,False,False,973,November,4,,,,,
A-5a92e7,Company_413,Healthtech,Us,2024-06-11,Ads,Pro,4,False,False,772,June,2,,,,,
A-fdfc91,Company_414,Cybersecurity,Us,2023-05-06,Ads,Basic,29,False,False,1174,May,2,,,,,
A-1e50e0,Company_415,Cybersecurity,De,2023-02-21,Other,Pro,19,True,True,1248,February,1,,,,,
A-1e1b80,Company_416,Fintech,Ca,2023-09-12,Other,Enterprise,50,False,False,1045,September,3,,,,,
A-659280,Company_417,Fintech,In,2023-11-17,Event,Enterprise,13,True,True,979,November,4,,,,,
A-f6b2fb,Company_418,Devtools,Au,2024-04-23,Event,Basic,23,False,False,821,April,2,,,,,
A-cb6cc6,Company_419,Devtools,Us,2023-04-03,Ads,Basic,13,True,False,1207,April,2,,,,,
A-d62e02,Company_420,Cybersecurity,Us,2024-08-20,Partner,Pro,6,False,False,702,August,3,,,,,
A-d535f6,Company_421,Devtools,Us,2024-09-03,Organic,Basic,12,True,True,688,September,3,,,,,
A-39868b,Company_422,Fintech,Au,2024-03-17,Partner,Pro,9,False,False,858,March,1,,,,,
A-3cc791,Company_423,Edtech,Us,2024-01-10,Other,Enterprise,6,False,False,925,January,1,,,,,
A-337bc1,Company_424,Cybersecurity,Us,2023-07-19,Organic,Pro,30,True,False,1100,July,3,,,,,
A-58b9ff,Company_425,Devtools,In,2024-05-31,Partner,Enterprise,2,False,False,783,May,2,,,,,
A-bf7919,Company_426,Healthtech,Us,2024-11-27,Organic,Pro,3,False,False,603,November,4,,,,,
A-1d5444,Company_427,Cybersecurity,Us,2024-01-18,Partner,Basic,24,False,True,917,January,1,,,,,
A-0f3e88,Company_428,Healthtech,Us,2023-07-23,Other,Basic,7,False,True,1096,July,3,,,,,
A-7641d3,Company_429,Edtech,Us,2023-02-16,Partner,Pro,8,True,True,1253,February,1,,,,,
A-cd458b,Company_430,Devtools,Us,2024-06-15,Other,Basic,10,True,False,768,June,2,,,,,
A-c16b88,Company_431,Healthtech,Us,2023-12-02,Event,Enterprise,23,False,False,964,December,4,,,,,
A-59f724,Company_432,Healthtech,Us,2023-11-03,Other,Enterprise,3,True,False,993,November,4,,,,,
A-87aa7b,Company_433,Healthtech,Us,2024-05-16,Organic,Pro,24,True,False,798,May,2,,,,,
A-1e6fc3,Company_434,Edtech,Fr,2023-12-06,Other,Pro,1,False,False,960,December,4,,,,,
A-39ddf4,Company_435,Edtech,Us,2024-12-05,Partner,Enterprise,40,False,False,595,December,4,,,,,
A-34ea2f,Company_436,Healthtech,Us,2024-08-15,Organic,Enterprise,8,False,True,707,August,3,,,,,
A-716841,Company_437,Fintech,Us,2024-05-06,Other,Pro,45,False,False,808,May,2,,,,,
A-558c72,Company_438,Fintech,Us,2023-06-01,Organic,Basic,12,False,False,1148,June,2,,,,,
A-b11cd0,Company_439,Devtools,Us,2023-01-20,Ads,Pro,26,True,True,1280,January,1,,,,,
A-cc1d8d,Company_440,Fintech,Us,2024-12-08,Other,Pro,5,False,False,592,December,4,,,,,
A-7f4db3,Company_441,Fintech,Us,2023-03-05,Other,Pro,4,False,False,1236,March,1,,,,,
A-db5e9e,Company_442,Devtools,Us,2024-11-09,Partner,Basic,4,False,False,621,November,4,,,,,
A-cc102e,Company_443,Healthtech,Us,2024-04-15,Partner,Enterprise,13,False,False,829,April,2,,,,,
A-82d8a6,Company_444,Cybersecurity,Uk,2024-11-28,Ads,Basic,5,False,False,602,November,4,,,,,
A-dec005,Company_445,Healthtech,Us,2023-10-13,Partner,Pro,21,False,False,1014,October,4,,,,,
A-5790f4,Company_446,Fintech,Uk,2024-12-22,Event,Pro,1,True,False,578,December,4,,,,,
A-7c83a1,Company_447,Cybersecurity,Us,2024-05-06,Partner,Pro,12,False,False,808,May,2,,,,,
A-297a2d,Company_448,Healthtech,Uk,2023-05-05,Event,Pro,27,False,False,1175,May,2,,,,,
A-4c56c9,Company_449,Fintech,Us,2023-12-20,Partner,Enterprise,9,False,True,946,December,4,,,,,
A-cbbe12,Company_450,Cybersecurity,De,2023-03-22,Partner,Enterprise,40,False,False,1219,March,1,,,,,
A-4a267b,Company_451,Fintech,Us,2024-05-05,Other,Pro,25,False,False,809,May,2,,,,,
A-bcbe98,Company_452,Cybersecurity,Us,2024-07-29,Other,Enterprise,46,False,False,724,July,3,,,,,
A-427b69,Company_453,Fintech,Us,2024-08-23,Other,Basic,17,False,False,699,August,3,,,,,
A-0be015,Company_454,Fintech,Us,2024-10-15,Event,Pro,19,False,False,646,October,4,,,,,
A-054577,Company_455,Edtech,Uk,2024-04-28,Ads,Basic,2,False,False,816,April,2,,,,,
A-bc87bc,Company_456,Fintech,Us,2024-07-17,Event,Pro,3,False,False,736,July,3,,,,,
A-0f7d77,Company_457,Fintech,In,2024-10-28,Partner,Pro,3,False,False,633,October,4,,,,,
A-e7beab,Company_458,Edtech,De,2023-10-20,Organic,Enterprise,5,False,False,1007,October,4,,,,,
A-a09355,Company_459,Fintech,Us,2024-08-10,Organic,Basic,14,False,False,712,August,3,,,,,
A-31ab9a,Company_460,Fintech,De,2024-03-03,Organic,Pro,3,False,False,872,March,1,,,,,
A-0158bb,Company_461,Fintech,De,2024-05-22,Partner,Basic,5,False,False,792,May,2,,,,,
A-f19b24,Company_462,Cybersecurity,Us,2023-01-10,Organic,Pro,29,True,False,1290,January,1,,,,,
A-798a3f,Company_463,Devtools,Fr,2023-10-19,Other,Enterprise,12,False,True,1008,October,4,,,,,
A-42b791,Company_464,Fintech,Au,2024-05-20,Event,Pro,3,False,False,794,May,2,,,,,
A-068fc6,Company_465,Edtech,Us,2023-07-17,Event,Enterprise,35,False,False,1102,July,3,,,,,
A-6f50ae,Company_466,Fintech,Us,2023-09-21,Partner,Pro,19,False,True,1036,September,3,,,,,
A-a2485e,Company_467,Fintech,Us,2024-08-04,Event,Pro,3,True,False,718,August,3,,,,,
A-bb1eaa,Company_468,Cybersecurity,Us,2024-06-11,Organic,Basic,21,False,False,772,June,2,,,,,
A-cc98bc,Company_469,Devtools,Us,2023-05-24,Ads,Basic,32,False,False,1156,May,2,,,,,
A-d77f4c,Company_470,Devtools,Us,2023-09-25,Partner,Pro,4,True,False,1032,September,3,,,,,
A-ccabf0,Company_471,Healthtech,In,2023-11-06,Organic,Pro,1,False,False,990,November,4,,,,,
A-700ade,Company_472,Cybersecurity,Uk,2024-10-31,Organic,Enterprise,1,True,False,630,October,4,,,,,
A-4a4c2d,Company_473,Devtools,Us,2023-05-02,Event,Enterprise,54,False,False,1178,May,2,,,,,
A-b7ef83,Company_474,Cybersecurity,Uk,2024-05-29,Partner,Pro,1,True,False,785,May,2,,,,,
A-e08cd3,Company_475,Fintech,Us,2024-09-21,Ads,Pro,67,True,False,670,September,3,,,,,
A-19b2c8,Company_476,Devtools,In,2023-06-06,Other,Pro,20,False,False,1143,June,2,,,,,
A-970c97,Company_477,Healthtech,De,2024-03-01,Other,Enterprise,14,False,False,874,March,1,,,,,
A-6dee43,Company_478,Fintech,Uk,2023-08-12,Other,Basic,3,True,False,1076,August,3,,,,,
A-5ed98d,Company_479,Devtools,Us,2024-06-22,Partner,Basic,24,False,False,761,June,2,,,,,
A-c58f49,Company_480,Edtech,Us,2024-07-31,Other,Enterprise,70,True,False,722,July,3,,,,,
A-9c18c4,Company_481,Healthtech,Us,2023-07-27,Ads,Pro,11,False,True,1092,July,3,,,,,
A-cc8c8f,Company_482,Devtools,Us,2024-06-16,Ads,Enterprise,23,False,False,767,June,2,,,,,
A-5f7781,Company_483,Devtools,Us,2024-08-20,Other,Pro,22,False,False,702,August,3,,,,,
A-e1b9cd,Company_484,Devtools,Us,2023-02-26,Event,Pro,40,False,True,1243,February,1,,,,,
A-ac85cd,Company_485,Edtech,Us,2024-07-31,Partner,Enterprise,53,False,False,722,July,3,,,,,
A-d792a6,Company_486,Devtools,Us,2023-01-23,Organic,Enterprise,4,False,False,1277,January,1,,,,,
A-ac9111,Company_487,Healthtech,Us,2023-08-12,Event,Pro,21,True,False,1076,August,3,,,,,
A-18793f,Company_488,Edtech,Us,2024-12-18,Organic,Basic,148,True,False,582,December,4,,,,,
A-9f0b68,Company_489,Edtech,Us,2024-04-28,Ads,Basic,10,False,False,816,April,2,,,,,
A-d3c88e,Company_490,Devtools,Us,2024-10-18,Event,Pro,16,False,False,643,October,4,,,,,
A-ccb686,Company_491,Devtools,Us,2024-01-22,Other,Basic,10,False,False,913,January,1,,,,,
A-118f1c,Company_492,Cybersecurity,Us,2024-10-31,Other,Pro,32,False,False,630,October,4,,,,,
A-0e966d,Company_493,Fintech,In,2024-06-25,Ads,Basic,11,False,True,758,June,2,,,,,
A-b9f5b1,Company_494,Cybersecurity,Us,2023-01-24,Other,Pro,15,True,False,1276,January,1,,,,,
A-8ae3fc,Company_495,Devtools,Ca,2024-06-28,Ads,Pro,9,False,False,755,June,2,,,,,
A-55f257,Company_496,Fintech,Us,2023-12-21,Organic,Basic,9,False,False,945,December,4,,,,,
A-d26ab4,Company_497,Devtools,Uk,2024-11-07,Organic,Basic,9,False,True,623,November,4,,,,,
A-712533,Company_498,Edtech,Us,2023-07-31,Organic,Pro,18,False,False,1088,July,3,,,,,
A-781cc0,Company_499,Edtech,Us,2024-09-04,Organic,Pro,12,False,False,687,September,3,,,,,
